x,y,time,type,endId
584.8331299,321.8834534,0,tap,0
183.9092712,346.2245483,464,tap,0
591.3758545,325.8797607,930,startSlide,0
592.4663086,328.0595703,1701,endSlide,2
183.182312,338.5952454,2137,startSlide,0
183.182312,338.5952454,2898,endSlide,4
592.4663086,328.0595703,3298,startSlide,0
430.3520508,337.8686523,3883,holdSlide,6
605.9153442,339.3218689,4306,endSlide,6
183.182312,333.872345,4727,startSlide,0
368.9230957,336.0521545,5211,holdSlide,9
180.6379395,331.3292542,5677,endSlide,9
