x,y,time,type,endId
41.67,334.2356873,500,tap,0
41.67,334.2356873,650,tap,0
41.67,334.2356873,800,tap,0
8.35,335.6888428,1500,startSlide,0
16.68,335.6888428,2000,holdSlide,4
33.34,335.6888428,3000,endSlide,4
50,336.7787476,1000,startSlide,0
75,336.7787476,2000,holdSlide,7
91.65,335.6888428,3000,endSlide,7
41.67,334.2356873,4000,startSlide,0
50,325.8797607,5000,endSlide,10
75,335.6888428,4000,startSlide,0
91.65,336.7787476,5000,endSlide,12
75,335.6888428,6000,tap,0
91.65,335.6888428,7000,tap,0
