x,y,time,type,endId
-0.65,335.6888428,0,tap,0
9.48,335.6888428,1000,startSlide,0
19.61,335.6888428,2000,endSlide,2
29.74,336.7787476,3000,tap,0
39.87,335.6888428,4000,tap,0
50,334.2356873,5000,startSlide,0
60.13,325.8797607,6000,endSlide,6
70.26,335.6888428,7000,startSlide,0
80.39,336.7787476,8000,endSlide,8
90.52,335.6888428,9000,tap,0
100.65,335.6888428,10000,tap,0
